si,dong,location,longitude,latitude,지번주소,도로명주소
제주시,화북일동,"33.5132094,126.565888",126.56588899999998,33.513209499999995,제주특별자치도 제주시 화북일동 2170,제주특별자치도 제주시 선반로8길 21-2
서귀포시,강정동,"33.2472248,126.49712",126.49712,33.247224800000005,제주특별자치도 서귀포시 강정동 1186-1,제주특별자치도 서귀포시 선반로62번길 102
서귀포시,중문동,"33.2609165,126.4349",126.4349,33.2609165,제주특별자치도 서귀포시 중문동 1203,제주특별자치도 서귀포시 일주서로728번길 60
제주시,애월읍,"33.4676068,126.418234",126.41823400000001,33.467606800000006,제주특별자치도 제주시 애월읍 하귀1리 1040,제주특별자치도 제주시 애월읍 하광로 222-16
제주시,구좌읍,"33.5324874,126.79059",126.79059,33.5324874,제주특별자치도 제주시 구좌읍 행원리 2594-1,제주특별자치도 제주시 구좌읍 남지기길 19
제주시,일도이동,"33.5018445,126.554737",126.55473799999999,33.501844500000004,제주특별자치도 제주시 일도이동 3-5,제주특별자치도 제주시 남광로 190
제주시,건입동,"33.5081621,126.546747",126.546747,33.50816210000001,제주특별자치도 제주시 건입동 111-1,제주특별자치도 제주시 천수동로 29
제주시,오등동,"33.4535797,126.533869",126.533869,33.4535797,제주특별자치도 제주시 오등동 333,제주특별자치도 제주시 죽성서길 75
제주시,일도이동,"33.5051116,126.540259",126.540259,33.505111600000006,제주특별자치도 제주시 일도이동 380-8,제주특별자치도 제주시 동광로16길 19-17
제주시,봉개동,"33.4866499,126.595314",126.59531499999999,33.4866499,제주특별자치도 제주시 봉개동 2736,제주특별자치도 제주시 봉개대동6길 25
제주시,이도이동,"33.4958737,126.537705",126.537705,33.4958737,제주특별자치도 제주시 이도이동 1085-6,제주특별자치도 제주시 남광북3길 35
서귀포시,대정읍,"33.2794397,126.287052",126.287052,33.2794397,제주특별자치도 서귀포시 대정읍 구억리 215-1,제주특별자치도 서귀포시 대정읍 평화로69번길 290
제주시,조천읍,"33.5354068,126.620406",126.620406,33.535406800000004,제주특별자치도 제주시 조천읍 신촌리 1865-1,제주특별자치도 제주시 조천읍 신촌5길 13
제주시,삼도이동,"33.5051128,126.521240",126.52124099999999,33.50511289999999,제주특별자치도 제주시 삼도이동 594-13,제주특별자치도 제주시 서사로11길 10-4
제주시,건입동,"33.5143396,126.546111",126.54611100000001,33.5143396,제주특별자치도 제주시 건입동 533,제주특별자치도 제주시 사라봉동길 25
제주시,삼도이동,"33.5073469,126.521217",126.52121799999999,33.507346999999996,제주특별자치도 제주시 삼도이동 605-2,제주특별자치도 제주시 서사로5길 10-7
서귀포시,강정동,"33.2361612,126.499095",126.499095,33.2361612,제주특별자치도 서귀포시 강정동 886-5,제주특별자치도 서귀포시 이어도로 785
제주시,이도이동,"33.4981867,126.541307",126.541307,33.4981867,제주특별자치도 제주시 이도이동 394-4,제주특별자치도 제주시 정든로1길 32
제주시,화북일동,"33.5152655,126.552654",126.552654,33.515265500000005,제주특별자치도 제주시 화북일동 4810,제주특별자치도 제주시 일주동로 61
제주시,연동,"33.4787161,126.495325",126.495325,33.4787161,제주특별자치도 제주시 연동 566,제주특별자치도 제주시 삼동길 38-1
제주시,애월읍,"33.4710235,126.441133",126.44113300000001,33.4710235,제주특별자치도 제주시 애월읍 광령리 1840-2,제주특별자치도 제주시 애월읍 사메기길 169-19
제주시,노형동,"33.4830365,126.484122",126.484122,33.4830365,제주특별자치도 제주시 노형동 951,제주특별자치도 제주시 원노형8길 36
서귀포시,성산읍,"33.3812611,126.877538",126.87753899999998,33.3812611,제주특별자치도 서귀포시 성산읍 신산리 1037-5,제주특별자치도 서귀포시 성산읍 신산중앙로 5-8
제주시,연동,"33.4800878,126.491502",126.491502,33.480087899999994,제주특별자치도 제주시 연동 1491-11,제주특별자치도 제주시 국기로2길 17
서귀포시,상예동,"33.2514233,126.396315",126.39631599999998,33.2514233,제주특별자치도 서귀포시 상예동 772-1,제주특별자치도 서귀포시 예래로109번길 11-1
제주시,도남동,"33.4946854,126.523805",126.52380500000001,33.494685499999996,제주특별자치도 제주시 도남동 91,제주특별자치도 제주시 도남로10길 37
제주시,우도면,"33.5085421,126.954448",126.954448,33.5085421,제주특별자치도 제주시 우도면 연평리 2656,제주특별자치도 제주시 우도면 우도비양길 3
서귀포시,색달동,"33.2475379,126.411134",126.411134,33.2475379,제주특별자치도 서귀포시 색달동 2812-4,제주특별자치도 서귀포시 중문관광로72번길 29-29
제주시,화북이동,"33.5129044,126.557607",126.557607,33.5129044,제주특별자치도 제주시 화북이동 4965,제주특별자치도 제주시 거로중길 13-1
서귀포시,대정읍,"33.2247515,126.2542",126.2542,33.2247515,제주특별자치도 서귀포시 대정읍 하모리 1535-3,제주특별자치도 서귀포시 대정읍 동일하모로220번길 10
제주시,용담삼동,"33.5186967,126.493285",126.49328500000001,33.5186967,제주특별자치도 제주시 용담삼동 2321,제주특별자치도 제주시 어영길 10-6
제주시,조천읍,"33.5407162,126.666666",126.66666699999999,33.5407162,제주특별자치도 제주시 조천읍 함덕리 1002-34,제주특별자치도 제주시 조천읍 함덕14길 9
서귀포시,표선면,"33.3175358,126.799692",126.799692,33.3175358,제주특별자치도 서귀포시 표선면 세화리 1392-1,제주특별자치도 서귀포시 표선면 세성로 141-9
제주시,용담일동,"33.5033950,126.514091",126.514091,33.503395000000005,제주특별자치도 제주시 용담일동 2817-17,제주특별자치도 제주시 남성로8길 6-3
제주시,오라일동,"33.4968221,126.519304",126.519304,33.4968221,제주특별자치도 제주시 오라일동 2451-13,제주특별자치도 제주시 공설로9길 14
서귀포시,동홍동,"33.2503364,126.574194",126.57419499999999,33.250336499999996,제주특별자치도 서귀포시 동홍동 353-1,제주특별자치도 서귀포시 태평로526번길 17
제주시,노형동,"33.4807254,126.4834",126.4834,33.4807254,제주특별자치도 제주시 노형동 731-1,제주특별자치도 제주시 원노형로 90
서귀포시,서귀동,"33.2497605,126.563603",126.563603,33.2497605,제주특별자치도 서귀포시 서귀동 276-2,제주특별자치도 서귀포시 중앙로54번길 38
제주시,화북이동,"33.5082818,126.564369",126.564369,33.50828189999999,제주특별자치도 제주시 화북이동 3416-3,제주특별자치도 제주시 거로남6길 42
제주시,삼양이동,"33.5202922,126.581906",126.581906,33.5202922,제주특별자치도 제주시 삼양이동 2175-12,제주특별자치도 제주시 지석8길 13-5
제주시,도남동,"33.4973530,126.527308",126.527308,33.497353000000004,제주특별자치도 제주시 도남동 924-7,제주특별자치도 제주시 도남로5길 12
제주시,한림읍,"33.4102605,126.278798",126.278798,33.4102605,제주특별자치도 제주시 한림읍 한림리 1582,제주특별자치도 제주시 한림읍 한상로 32-2
서귀포시,호근동,"33.2571481,126.526919",126.52691999999999,33.2571481,제주특별자치도 서귀포시 호근동 2157,제주특별자치도 서귀포시 호근로 53
제주시,조천읍,"33.5467735,126.694161",126.69416100000001,33.5467735,제주특별자치도 제주시 조천읍 북촌리 642,제주특별자치도 제주시 조천읍 북흘로 6
제주시,용담일동,"33.5103995,126.517032",126.517032,33.5103995,제주특별자치도 제주시 용담일동 137-54,제주특별자치도 제주시 서문로2길 15
서귀포시,하예동,"33.241257,126.382558",126.382558,33.241257,제주특별자치도 서귀포시 하예동 1962,제주특별자치도 서귀포시 예래로295번길 4-4
서귀포시,서호동,"33.2496273,126.521869",126.52186999999999,33.249627399999994,제주특별자치도 서귀포시 서호동 1545,제주특별자치도 서귀포시 서호남로 91
서귀포시,남원읍,"33.2796133,126.716612",126.71661200000001,33.2796133,제주특별자치도 서귀포시 남원읍 남원리 146-2,제주특별자치도 서귀포시 남원읍 태위로657번길 10
서귀포시,하원동,"33.2566601,126.460237",126.46023799999999,33.256660100000005,제주특별자치도 서귀포시 하원동 470,제주특별자치도 서귀포시 하원로19번길 14-3
서귀포시,대정읍,"33.2702371,126.207439",126.207439,33.2702371,제주특별자치도 서귀포시 대정읍 무릉리 2284-2,제주특별자치도 서귀포시 대정읍 무릉송당로 13
서귀포시,대정읍,"33.256071,126.283429",126.283429,33.256071,제주특별자치도 서귀포시 대정읍 안성리 1344-1,제주특별자치도 서귀포시 대정읍 평화로 57-7
제주시,오라이동,"33.4493031,126.512903",126.51290300000001,33.4493031,제주특별자치도 제주시 오라이동 289-2,제주특별자치도 제주시 오라남로 130-16
제주시,추자면,"33.947015,126.325525",126.325525,33.947015,제주특별자치도 제주시 추자면 신양리 326,제주특별자치도 제주시 추자면 신양3길 22
제주시,구좌읍,"33.4985157,126.765089",126.76508999999999,33.4985157,제주특별자치도 제주시 구좌읍 덕천리 산 49-3,
제주시,건입동,"33.5151992,126.53674",126.53674,33.5151992,제주특별자치도 제주시 건입동 1043-6,제주특별자치도 제주시 동문로21길 15
서귀포시,표선면,"33.3234172,126.8311",126.8311,33.3234172,제주특별자치도 서귀포시 표선면 표선리 775,제주특별자치도 서귀포시 표선면 표선동서로 217
서귀포시,표선면,"33.3946475,126.794848",126.794848,33.3946475,제주특별자치도 서귀포시 표선면 성읍리 1574,제주특별자치도 서귀포시 표선면 성읍민속로 222
제주시,이호2동,"33.4903763,126.457173",126.457173,33.490376399999995,제주특별자치도 제주시 이호2동 1962-1,제주특별자치도 제주시 오광로6길 2
제주시,일도이동,"33.5060833,126.545687",126.54568799999998,33.5060833,제주특별자치도 제주시 일도이동 46,제주특별자치도 제주시 천수로 92
제주시,화북이동,"33.5122466,126.552779",126.552779,33.512246600000005,제주특별자치도 제주시 화북이동 4925-35,제주특별자치도 제주시 문화마을길 5-4
서귀포시,성산읍,"33.4454527,126.879516",126.879516,33.4454527,제주특별자치도 서귀포시 성산읍 수산리 1123,제주특별자치도 서귀포시 성산읍 수산서남로67번길 31-13
제주시,이도이동,"33.4871593,126.534609",126.534609,33.487159399999996,제주특별자치도 제주시 이도이동 2048,제주특별자치도 제주시 구남로2길 29
제주시,노형동,"33.4868221,126.476075",126.476075,33.486822100000005,제주특별자치도 제주시 노형동 1297-4,제주특별자치도 제주시 수덕7길 9
제주시,이도이동,"33.4969836,126.533512",126.53351299999999,33.4969836,제주특별자치도 제주시 이도이동 1038-13,제주특별자치도 제주시 오복1길 20-1
제주시,연동,"33.4845114,126.498913",126.49891399999998,33.4845114,제주특별자치도 제주시 연동 314,제주특별자치도 제주시 신대로17길 26
서귀포시,토평동,"33.272483,126.589992",126.589992,33.272483,제주특별자치도 서귀포시 토평동 3245,제주특별자치도 서귀포시 토평로74번길 2
제주시,용담이동,"33.5015503,126.509859",126.509859,33.501550300000005,제주특별자치도 제주시 용담이동 2623-6,제주특별자치도 제주시 서천길 8-5
제주시,애월읍,"33.4078887,126.337868",126.337868,33.4078887,제주특별자치도 제주시 애월읍 어음리 2803,제주특별자치도 제주시 애월읍 어림비로 329
제주시,오라일동,"33.4909531,126.517991",126.517991,33.4909531,제주특별자치도 제주시 오라일동 984-5,제주특별자치도 제주시 오남로6길 19-1
제주시,조천읍,"33.5265171,126.641727",126.641727,33.52651710000001,제주특별자치도 제주시 조천읍 조천리 1622,제주특별자치도 제주시 조천읍 조천우회로 302-1
서귀포시,대정읍,"33.2462128,126.226372",126.226372,33.246212899999996,제주특별자치도 서귀포시 대정읍 일과리 1954,제주특별자치도 서귀포시 대정읍 서림중앙로 38
제주시,오라일동,"33.4989439,126.513648",126.513648,33.4989439,제주특별자치도 제주시 오라일동 2444-34,제주특별자치도 제주시 서광로2길 11-20
제주시,도남동,"33.4939424,126.529016",126.529016,33.493942499999996,제주특별자치도 제주시 도남동 83-31,제주특별자치도 제주시 도남로11길 13
제주시,삼도이동,"33.5156804,126.521986",126.52198600000001,33.5156804,제주특별자치도 제주시 삼도이동 1222-2,제주특별자치도 제주시 북성로 27
서귀포시,서홍동,"33.2597206,126.548498",126.54849899999999,33.2597206,제주특별자치도 서귀포시 서홍동 1494-1,제주특별자치도 서귀포시 서홍로69번길 94-10
제주시,한경면,"33.3022364,126.181212",126.18121200000002,33.3022364,제주특별자치도 제주시 한경면 고산리 2881-12,제주특별자치도 제주시 한경면 고산로 12-1
제주시,용담이동,"33.5099000,126.496935",126.49693500000001,33.509900099999996,제주특별자치도 제주시 용담이동 833,
서귀포시,안덕면,"33.3191974,126.363943",126.36394399999999,33.3191974,제주특별자치도 서귀포시 안덕면 동광리 산 19,
제주시,오라삼동,"33.4980088,126.509638",126.509638,33.4980088,제주특별자치도 제주시 오라삼동 3827-3,제주특별자치도 제주시 오라로1길 34-7
서귀포시,남원읍,"33.311606,126.759124",126.759124,33.311606,제주특별자치도 서귀포시 남원읍 신흥리 541,제주특별자치도 서귀포시 남원읍 신흥고수로 169-17
제주시,용담삼동,"33.5148032,126.507401",126.507401,33.5148032,제주특별자치도 제주시 용담삼동 528-2,제주특별자치도 제주시 용담로1길 18
제주시,화북일동,"33.5162423,126.570373",126.570373,33.5162423,제주특별자치도 제주시 화북일동 2083,제주특별자치도 제주시 청풍남8길 40-1
서귀포시,안덕면,"33.2333268,126.302019",126.302019,33.233326899999994,제주특별자치도 서귀포시 안덕면 사계리 1715-1,제주특별자치도 서귀포시 안덕면 산방로 322
제주시,노형동,"33.4852224,126.468654",126.468654,33.4852224,제주특별자치도 제주시 노형동 2585-2,제주특별자치도 제주시 광평동로 66
제주시,조천읍,"33.5298717,126.613271",126.613271,33.5298717,제주특별자치도 제주시 조천읍 신촌리 3273,제주특별자치도 제주시 조천읍 일주동로 669-20
서귀포시,성산읍,"33.3625271,126.842197",126.842197,33.3625271,제주특별자치도 서귀포시 성산읍 신풍리 489,제주특별자치도 서귀포시 성산읍 신풍하동로 53-3
제주시,노형동,"33.483625,126.479051",126.479051,33.483625,제주특별자치도 제주시 노형동 3785,제주특별자치도 제주시 노형10길 17
제주시,이도이동,"33.4953707,126.53137",126.53137,33.495370799999996,제주특별자치도 제주시 이도이동 1085-2,제주특별자치도 제주시 신성로12길 23
서귀포시,대포동,"33.2445258,126.444524",126.444524,33.244525800000005,제주특별자치도 서귀포시 대포동 1253,제주특별자치도 서귀포시 대포동서로70번길 68
제주시,용담이동,"33.5077442,126.508414",126.50841499999999,33.5077442,제주특별자치도 제주시 용담이동 646-38,제주특별자치도 제주시 용문로17길 10
제주시,노형동,"33.4873583,126.483639",126.483639,33.4873583,제주특별자치도 제주시 노형동 949,제주특별자치도 제주시 원노형5길 19
제주시,한림읍,"33.3849345,126.225408",126.225408,33.3849345,제주특별자치도 제주시 한림읍 금능리 2316,제주특별자치도 제주시 한림읍 한림로 162
제주시,한경면,"33.3597877,126.202428",126.202428,33.3597877,제주특별자치도 제주시 한경면 판포리 2582,제주특별자치도 제주시 한경면 판포중1길 25
제주시,노형동,"33.4755875,126.462871",126.46287199999999,33.4755875,제주특별자치도 제주시 노형동 3585,제주특별자치도 제주시 월산북길 49
제주시,애월읍,"33.4636706,126.438994",126.438994,33.4636706,제주특별자치도 제주시 애월읍 광령리 1444-6,제주특별자치도 제주시 애월읍 광령7길 33
서귀포시,남원읍,"33.2906682,126.628183",126.628183,33.2906682,제주특별자치도 서귀포시 남원읍 신례리 1309,제주특별자치도 서귀포시 남원읍 신례로298번길 3-3
제주시,연동,"33.4879918,126.487424",126.487424,33.4879918,제주특별자치도 제주시 연동 251,제주특별자치도 제주시 신광로6길 26
제주시,연동,"33.4726859,126.487831",126.487831,33.472685999999996,제주특별자치도 제주시 연동 1344,제주특별자치도 제주시 은수길 41
제주시,한림읍,"33.4130724,126.269778",126.269778,33.4130724,제주특별자치도 제주시 한림읍 한림리 558-5,제주특별자치도 제주시 한림읍 한림상로 170-1
제주시,애월읍,"33.4555893,126.433913",126.43391399999999,33.4555893,제주특별자치도 제주시 애월읍 광령리 2343,제주특별자치도 제주시 애월읍 광령2길 17-22
제주시,외도이동,"33.4940056,126.429644",126.429644,33.4940056,제주특별자치도 제주시 외도이동 1923-1,제주특별자치도 제주시 일주서로 7335-7
제주시,한림읍,"33.4122087,126.262534",126.262534,33.4122087,제주특별자치도 제주시 한림읍 한림리 1582,제주특별자치도 제주시 한림읍 한림로6길 18-3
서귀포시,대정읍,"33.2565927,126.209533",126.20953300000001,33.2565927,제주특별자치도 서귀포시 대정읍 영락리 1304-1,제주특별자치도 서귀포시 대정읍 영락하동로 12
서귀포시,서홍동,"33.2436028,126.553807",126.553807,33.2436028,제주특별자치도 서귀포시 서홍동 637,제주특별자치도 서귀포시 남성로 131-5
서귀포시,성산읍,"33.3444767,126.853688",126.85368899999999,33.344476799999995,제주특별자치도 서귀포시 성산읍 신천리 239-1,제주특별자치도 서귀포시 성산읍 신천로23번길 4-7
제주시,이도이동,"33.4940722,126.53653",126.53653,33.4940722,제주특별자치도 제주시 이도이동 1078-14,제주특별자치도 제주시 남광북3길 14-12
제주시,일도이동,"33.508518,126.529091",126.529091,33.508518,제주특별자치도 제주시 일도이동 1043-20,제주특별자치도 제주시 삼성로5길 24
서귀포시,회수동,"33.2662699,126.444966",126.444966,33.2662699,제주특별자치도 서귀포시 회수동 281-1,제주특별자치도 서귀포시 1100로 211
제주시,일도이동,"33.5081068,126.53837",126.53837,33.508106899999994,제주특별자치도 제주시 일도이동 353-36,제주특별자치도 제주시 고마로10길 17
제주시,조천읍,"33.4879387,126.683018",126.68301899999999,33.4879387,제주특별자치도 제주시 조천읍 와산리 1707,제주특별자치도 제주시 조천읍 와산3길 24
제주시,도두일동,"33.5042433,126.464686",126.46468600000001,33.5042433,제주특별자치도 제주시 도두일동 2634,제주특별자치도 제주시 도두항서5길 10
서귀포시,대정읍,"33.2718845,126.279238",126.27923899999999,33.2718845,제주특별자치도 서귀포시 대정읍 안성리 2028-5,제주특별자치도 서귀포시 대정읍 구억중앙로 34-12
제주시,이도이동,"33.501164,126.542513",126.54251399999998,33.501164,제주특별자치도 제주시 이도이동 411-9,제주특별자치도 제주시 천수로6길 34-8
제주시,삼도이동,"33.5052857,126.52377",126.52377,33.5052857,제주특별자치도 제주시 삼도이동 300-18,제주특별자치도 제주시 중앙로26길 15-1
제주시,이도일동,"33.507643,126.52735",126.52735,33.507643,제주특별자치도 제주시 이도일동 1583,제주특별자치도 제주시 오현길 24
제주시,한림읍,"33.3614278,126.243460",126.24346000000001,33.361427899999995,제주특별자치도 제주시 한림읍 금능리 502,제주특별자치도 제주시 한림읍 금능농공길 28-13
제주시,한림읍,"33.418822,126.265912",126.26591200000001,33.418822,제주특별자치도 제주시 한림읍 대림리 1885,제주특별자치도 제주시 한림읍 대림2길 14
제주시,용담이동,"33.5083006,126.506501",126.506501,33.5083006,제주특별자치도 제주시 용담이동 632-8,제주특별자치도 제주시 용문로17길 32
제주시,도남동,"33.4969346,126.523871",126.523871,33.4969346,제주특별자치도 제주시 도남동 903-12,제주특별자치도 제주시 서사로23길 42-16
제주시,이도이동,"33.5008056,126.531257",126.53125700000001,33.50080560000001,제주특별자치도 제주시 이도이동 1176-32,제주특별자치도 제주시 동광로2길 9-5
제주시,도련1동,"33.5154679,126.583281",126.583281,33.5154679,제주특별자치도 제주시 도련1동 1910,제주특별자치도 제주시 화삼로 89
제주시,월평동,"33.4703308,126.574655",126.574655,33.4703308,제주특별자치도 제주시 월평동 977,제주특별자치도 제주시 월평3길 30-1
제주시,일도이동,"33.5070954,126.542140",126.54214099999999,33.5070954,제주특별자치도 제주시 일도이동 454,제주특별자치도 제주시 천수동로2길 8
제주시,화북일동,"33.5136005,126.561943",126.561943,33.5136005,제주특별자치도 제주시 화북일동 2167,제주특별자치도 제주시 선반로6길 18
제주시,한림읍,"33.4216295,126.275218",126.27521899999999,33.4216295,제주특별자치도 제주시 한림읍 대림리 1694-8,제주특별자치도 제주시 한림읍 한수풀로 121
제주시,노형동,"33.4924135,126.475819",126.475819,33.4924135,제주특별자치도 제주시 노형동 1030-5,제주특별자치도 제주시 월랑북2길 10-1
제주시,도평동,"33.4830582,126.452312",126.452312,33.4830582,제주특별자치도 제주시 도평동 772-1,제주특별자치도 제주시 신산마을길 136-54
제주시,노형동,"33.4873967,126.466562",126.46656200000001,33.4873967,제주특별자치도 제주시 노형동 3772,제주특별자치도 제주시 월광로 77
서귀포시,남원읍,"33.2882315,126.708998",126.708998,33.288231599999996,제주특별자치도 서귀포시 남원읍 남원리 2490,제주특별자치도 서귀포시 남원읍 남한로153번길 42
제주시,연동,"33.4871248,126.498305",126.498305,33.487124800000004,제주특별자치도 제주시 연동 313,제주특별자치도 제주시 문송2길 10-1
제주시,오등동,"33.4430668,126.55299",126.55299,33.443066800000004,제주특별자치도 제주시 오등동 산 49-1,
제주시,삼도일동,"33.5007421,126.521856",126.521856,33.500742100000004,제주특별자치도 제주시 삼도일동 551-3,제주특별자치도 제주시 서광로21길 7
제주시,화북일동,"33.5169058,126.564233",126.564233,33.5169058,제주특별자치도 제주시 화북일동 3932-2,제주특별자치도 제주시 청풍남2길 19
서귀포시,남원읍,"33.2768357,126.702441",126.70244199999999,33.2768357,제주특별자치도 서귀포시 남원읍 남원리 2350-1,제주특별자치도 서귀포시 남원읍 남원체육관로 148-15
제주시,월평동,"33.4509229,126.574448",126.574448,33.450922999999996,제주특별자치도 제주시 월평동 748-2,제주특별자치도 제주시 첨단로동길 106
서귀포시,토평동,"33.2537078,126.582952",126.582952,33.253707899999995,제주특별자치도 서귀포시 토평동 3245-48,제주특별자치도 서귀포시 검은여로129번길 16
제주시,연동,"33.4887556,126.493605",126.493605,33.488755600000005,제주특별자치도 제주시 연동 292,제주특별자치도 제주시 신대로12길 30
제주시,일도이동,"33.5041097,126.544077",126.544077,33.5041097,제주특별자치도 제주시 일도이동 47-1,제주특별자치도 제주시 연수로5길 16
제주시,한림읍,"33.4002475,126.293028",126.293028,33.4002475,제주특별자치도 제주시 한림읍 상대리 4580,제주특별자치도 제주시 한림읍 상대6길 37-7
제주시,일도이동,"33.5128131,126.536842",126.53684299999999,33.5128131,제주특별자치도 제주시 일도이동 1050-1,제주특별자치도 제주시 동문로20길 13
제주시,한림읍,"33.4278517,126.267117",126.267117,33.4278517,제주특별자치도 제주시 한림읍 수원리 1027-7,제주특별자치도 제주시 한림읍 수원7길 35
서귀포시,안덕면,"33.2592483,126.307618",126.30761899999999,33.2592483,제주특별자치도 서귀포시 안덕면 덕수리 3004,제주특별자치도 서귀포시 안덕면 덕수동로25번길 42-11
제주시,삼도일동,"33.5077457,126.518449",126.518449,33.507745799999995,제주특별자치도 제주시 삼도일동 795-21,제주특별자치도 제주시 충효4길 8
서귀포시,성산읍,"33.406534,126.900389",126.90038999999999,33.406534,제주특별자치도 서귀포시 성산읍 온평리 871,제주특별자치도 서귀포시 성산읍 온평애향로40번길 8
제주시,이도이동,"33.4899899,126.541634",126.541634,33.4899899,제주특별자치도 제주시 이도이동 1982-24,제주특별자치도 제주시 남광로2길 43-18
서귀포시,하효동,"33.2538578,126.616718",126.61671899999999,33.2538578,제주특별자치도 서귀포시 하효동 1460,제주특별자치도 서귀포시 칠십리로 693-8
제주시,이도일동,"33.5018197,126.525619",126.52561999999999,33.5018197,제주특별자치도 제주시 이도일동 1650-8,제주특별자치도 제주시 광양4길 30-1
제주시,한림읍,"33.4404036,126.289243",126.289243,33.4404036,제주특별자치도 제주시 한림읍 귀덕리 2994,제주특별자치도 제주시 한림읍 귀덕8길 4-7
서귀포시,대정읍,"33.2650786,126.257402",126.257402,33.2650786,제주특별자치도 서귀포시 대정읍 신평리 398-4,제주특별자치도 서귀포시 대정읍 신평로 43-1
제주시,이도일동,"33.5067283,126.526342",126.526342,33.5067283,제주특별자치도 제주시 이도일동 1706-4,제주특별자치도 제주시 고전길 6-8
제주시,노형동,"33.4775854,126.480404",126.48040400000001,33.477585499999996,제주특별자치도 제주시 노형동 766,제주특별자치도 제주시 진군3길 3
제주시,추자면,"33.9625124,126.295613",126.29561399999999,33.9625124,제주특별자치도 제주시 추자면 대서리 147-5,제주특별자치도 제주시 추자면 추자로 39
서귀포시,성산읍,"33.4360765,126.868034",126.86803400000001,33.4360765,제주특별자치도 서귀포시 성산읍 수산리 4764,제주특별자치도 서귀포시 성산읍 서성일로 818-1
제주시,일도일동,"33.5119688,126.52903",126.52903,33.511968800000005,제주특별자치도 제주시 일도일동 1109-3,제주특별자치도 제주시 신산로2길 27-2
제주시,이도일동,"33.5090537,126.524886",126.52488600000001,33.5090537,제주특별자치도 제주시 이도일동 1539-3,제주특별자치도 제주시 중앙로17길 10-5
제주시,조천읍,"33.4670024,126.706529",126.706529,33.4670024,제주특별자치도 제주시 조천읍 선흘리 1789,제주특별자치도 제주시 조천읍 선교로 434-2
제주시,건입동,"33.5173688,126.528904",126.528904,33.5173688,제주특별자치도 제주시 건입동,제주특별자치도 제주시 임항로 37-6
제주시,아라일동,"33.4813208,126.538665",126.53866599999999,33.4813208,제주특별자치도 제주시 아라일동 3000,제주특별자치도 제주시 구산로6길 24-1
제주시,화북일동,"33.5197569,126.576848",126.576848,33.5197569,제주특별자치도 제주시 화북일동 9-3,제주특별자치도 제주시 동화로1길 33
서귀포시,안덕면,"33.308014,126.337797",126.337797,33.308014,제주특별자치도 서귀포시 안덕면 동광리 963,제주특별자치도 서귀포시 안덕면 동광본동로 16-3
제주시,해안동,"33.464431,126.451456",126.45145600000001,33.464431,제주특별자치도 제주시 해안동 2337,제주특별자치도 제주시 해안마을북길 13-17
제주시,한경면,"33.3306253,126.261265",126.261265,33.330625399999995,제주특별자치도 제주시 한경면 저지리 2814,제주특별자치도 제주시 한경면 저지6길 25-30
제주시,아라이동,"33.4886708,126.546476",126.546476,33.488670899999995,제주특별자치도 제주시 아라이동 1270-11,제주특별자치도 제주시 간월동로5길 54-3
제주시,구좌읍,"33.5239639,126.814229",126.814229,33.5239639,제주특별자치도 제주시 구좌읍 한동리 2657,제주특별자치도 제주시 구좌읍 한동로 209-9
서귀포시,서귀동,"33.2508429,126.557555",126.55755500000001,33.2508429,제주특별자치도 서귀포시 서귀동 343,제주특별자치도 서귀포시 서문로38번길 18-12
제주시,삼양일동,"33.5285287,126.589732",126.58973200000001,33.5285287,제주특별자치도 제주시 삼양일동 1580-13,제주특별자치도 제주시 원당로9길 29-2
제주시,도남동,"33.4857026,126.528408",126.52840800000001,33.4857026,제주특별자치도 제주시 도남동 165,제주특별자치도 제주시 원남6길 52-8
제주시,일도이동,"33.5081329,126.535142",126.53514299999999,33.5081329,제주특별자치도 제주시 일도이동 169,제주특별자치도 제주시 동광로15길 39-1
서귀포시,남원읍,"33.2986101,126.608510",126.60851000000001,33.298610100000005,제주특별자치도 서귀포시 남원읍 하례리 1759,제주특별자치도 서귀포시 남원읍 하례돈야로 75-22
제주시,외도일동,"33.4881265,126.428615",126.428615,33.4881265,제주특별자치도 제주시 외도일동 493-13,제주특별자치도 제주시 우령6길 36-1
제주시,한림읍,"33.4191234,126.263632",126.263632,33.4191234,제주특별자치도 제주시 한림읍 대림리 2019-2,제주특별자치도 제주시 한림읍 대림1길 8
제주시,오라일동,"33.4936775,126.516826",126.516826,33.493677500000004,제주특별자치도 제주시 오라일동 1002-1,제주특별자치도 제주시 오라로18길 16
제주시,한림읍,"33.3591729,126.295291",126.29529199999999,33.3591729,제주특별자치도 제주시 한림읍 금악리 2125-1,제주특별자치도 제주시 한림읍 중산간서로 4296-9
제주시,화북일동,"33.5221025,126.564035",126.564035,33.5221025,제주특별자치도 제주시 화북일동 1995-1,제주특별자치도 제주시 진서로6길 11-1
제주시,도남동,"33.4911567,126.526932",126.526932,33.4911567,제주특별자치도 제주시 도남동 1055,제주특별자치도 제주시 도남로16길 17
제주시,노형동,"33.4896487,126.478926",126.478926,33.4896487,제주특별자치도 제주시 노형동 1297-3,제주특별자치도 제주시 다랑곶4길 38
제주시,노형동,"33.4724633,126.485295",126.485295,33.4724633,제주특별자치도 제주시 노형동 76-1,제주특별자치도 제주시 1100로 3198-5
제주시,오라일동,"33.4977478,126.514475",126.514475,33.4977478,제주특별자치도 제주시 오라일동 1165,제주특별자치도 제주시 서광로2길 33-1
서귀포시,서홍동,"33.2662068,126.554678",126.55467800000001,33.26620689999999,제주특별자치도 서귀포시 서홍동 2565,제주특별자치도 서귀포시 분토왓로 12
서귀포시,안덕면,"33.2755422,126.361575",126.361575,33.275542200000004,제주특별자치도 서귀포시 안덕면 상창리 1292,제주특별자치도 서귀포시 안덕면 한창로 157
제주시,삼도일동,"33.5059361,126.515763",126.51576399999999,33.50593610000001,제주특별자치도 제주시 삼도일동 1230,제주특별자치도 제주시 충효2길 34-1
제주시,오라이동,"33.4876897,126.509247",126.509247,33.4876897,제주특별자치도 제주시 오라이동 3827-6,제주특별자치도 제주시 연사길 99
제주시,애월읍,"33.4668658,126.390312",126.39031200000001,33.4668658,제주특별자치도 제주시 애월읍 수산리 1021-1,제주특별자치도 제주시 애월읍 수산서8길 7
제주시,조천읍,"33.5324659,126.672175",126.672175,33.5324659,제주특별자치도 제주시 조천읍 함덕리 858-1,제주특별자치도 제주시 조천읍 함덕남12길 29
제주시,이도이동,"33.4917211,126.533382",126.533382,33.4917211,제주특별자치도 제주시 이도이동 888,제주특별자치도 제주시 독짓골8길 27
서귀포시,동홍동,"33.252819,126.57182",126.57182,33.252819,제주특별자치도 서귀포시 동홍동 657-6,제주특별자치도 서귀포시 동홍중앙로 23
서귀포시,도순동,"33.2538223,126.472304",126.47230400000001,33.2538223,제주특별자치도 서귀포시 도순동 990-5,제주특별자치도 서귀포시 일주서로344번길 12-6
제주시,이도이동,"33.4965942,126.549314",126.549314,33.4965942,제주특별자치도 제주시 이도이동 47,제주특별자치도 제주시 신설동길 31-15
제주시,도련2동,"33.5155451,126.586462",126.58646200000001,33.5155451,제주특별자치도 제주시 도련2동 550,제주특별자치도 제주시 화삼로 110
제주시,애월읍,"33.4370532,126.437249",126.437249,33.4370532,제주특별자치도 제주시 애월읍 광령리 667-1,제주특별자치도 제주시 애월읍 광령평화6길 139
서귀포시,월평동,"33.2452209,126.460799",126.460799,33.2452209,제주특별자치도 서귀포시 월평동 452,제주특별자치도 서귀포시 월평로50번길 12
제주시,삼도일동,"33.4987855,126.521560",126.52156000000001,33.4987855,제주특별자치도 제주시 삼도일동 573-5,제주특별자치도 제주시 서사로21길 18-1
제주시,화북일동,"33.5148228,126.574996",126.574996,33.5148228,제주특별자치도 제주시 화북일동 1015-4,제주특별자치도 제주시 화삼로1길 14
제주시,내도동,"33.4923753,126.442116",126.442116,33.4923753,제주특별자치도 제주시 내도동 307-1,제주특별자치도 제주시 대통길 6
서귀포시,동홍동,"33.2676061,126.563062",126.56306299999999,33.2676061,제주특별자치도 서귀포시 동홍동 2181,제주특별자치도 서귀포시 지장샘로182번길 174
제주시,용담이동,"33.5108573,126.51",126.51,33.510857300000005,제주특별자치도 제주시 용담이동 619,제주특별자치도 제주시 성화로6길 40-3
제주시,연동,"33.4917669,126.481035",126.481035,33.4917669,제주특별자치도 제주시 연동 1952-5,제주특별자치도 제주시 남녕로4길 27
서귀포시,대정읍,"33.2811526,126.248039",126.24803999999999,33.2811526,제주특별자치도 서귀포시 대정읍 무릉리 189-2,제주특별자치도 서귀포시 대정읍 무릉인향로53번길 22
서귀포시,대포동,"33.2443697,126.432513",126.43251399999998,33.2443697,제주특별자치도 서귀포시 대포동 1546-2,제주특별자치도 서귀포시 대포로 60
제주시,연동,"33.4916999,126.485247",126.485247,33.4916999,제주특별자치도 제주시 연동 2335-2,제주특별자치도 제주시 성신로 20
제주시,애월읍,"33.4774842,126.377632",126.377632,33.4774842,제주특별자치도 제주시 애월읍 구엄리 822-1,제주특별자치도 제주시 애월읍 구엄2길 21
제주시,용담이동,"33.5113265,126.506588",126.506588,33.5113265,제주특별자치도 제주시 용담이동 609-68,제주특별자치도 제주시 용화로5길 14
제주시,삼양일동,"33.522202,126.59246",126.59246,33.522202,제주특별자치도 제주시 삼양일동 1238-2,제주특별자치도 제주시 일주동로 449
제주시,노형동,"33.4884063,126.480544",126.48054499999999,33.4884063,제주특별자치도 제주시 노형동 1276-11,제주특별자치도 제주시 다랑곶길 27
제주시,도두일동,"33.5046563,126.468956",126.468956,33.5046563,제주특별자치도 제주시 도두일동 2612-1,제주특별자치도 제주시 도두3길 32-11
제주시,애월읍,"33.4458431,126.306731",126.306731,33.445843100000005,제주특별자치도 제주시 애월읍 곽지리 2041-1,제주특별자치도 제주시 애월읍 곽봉로 17
제주시,구좌읍,"33.5380938,126.827638",126.827638,33.538093800000006,제주특별자치도 제주시 구좌읍 한동리 1058-1,제주특별자치도 제주시 구좌읍 일주동로 2824-1
제주시,아라일동,"33.4752517,126.535844",126.535844,33.4752517,제주특별자치도 제주시 아라일동 2789-5,제주특별자치도 제주시 대원길 13-9
제주시,삼도일동,"33.5054033,126.518139",126.51813999999999,33.5054033,제주특별자치도 제주시 삼도일동 1230,제주특별자치도 제주시 서사로12길 18
제주시,노형동,"33.481875,126.467697",126.467697,33.481875,제주특별자치도 제주시 노형동 3766,제주특별자치도 제주시 광평안길 40-9
서귀포시,대정읍,"33.2301661,126.257151",126.25715100000001,33.230166100000005,제주특별자치도 서귀포시 대정읍 상모리 3666,제주특별자치도 서귀포시 대정읍 대한로88번길 119
제주시,화북일동,"33.5191633,126.560384",126.56038400000001,33.5191633,제주특별자치도 제주시 화북일동 3960-3,제주특별자치도 제주시 동제원길 50
제주시,애월읍,"33.4689843,126.347917",126.34791799999999,33.4689843,제주특별자치도 제주시 애월읍 고내리 1365,제주특별자치도 제주시 애월읍 고내로13길 76-20
제주시,해안동,"33.4537414,126.460619",126.460619,33.4537414,제주특별자치도 제주시 해안동 1259-2,제주특별자치도 제주시 해안마을7나길 35
제주시,도남동,"33.493618,126.526719",126.526719,33.493618,제주특별자치도 제주시 도남동 91-1,제주특별자치도 제주시 도남로8길 19-2
서귀포시,대정읍,"33.246656,126.281576",126.281576,33.246656,제주특별자치도 서귀포시 대정읍 인성리 728,제주특별자치도 서귀포시 대정읍 인성로4번길 25
제주시,아라일동,"33.4603733,126.547837",126.54783700000002,33.4603733,제주특별자치도 제주시 아라일동 1932,제주특별자치도 제주시 중앙로 716-4
서귀포시,상효동,"33.2787761,126.601216",126.601216,33.2787761,제주특별자치도 서귀포시 상효동 548,제주특별자치도 서귀포시 하신상로 273-7
제주시,연동,"33.4908190,126.491908",126.49190800000001,33.490819099999996,제주특별자치도 제주시 연동 271-15,제주특별자치도 제주시 신대로10길 43
제주시,한림읍,"33.3483631,126.348096",126.348096,33.3483631,제주특별자치도 제주시 한림읍 금악리 산 23,
서귀포시,토평동,"33.2635028,126.586463",126.586463,33.2635028,제주특별자치도 서귀포시 토평동 2299,제주특별자치도 서귀포시 토평남로87번길 21-16
제주시,노형동,"33.471249,126.466670",126.46667099999999,33.471249,제주특별자치도 제주시 노형동 3338-1,제주특별자치도 제주시 월산남길 37-7
서귀포시,동홍동,"33.2569375,126.570243",126.57024399999999,33.2569375,제주특별자치도 서귀포시 동홍동 657-1,제주특별자치도 서귀포시 동홍남로 20
제주시,삼도일동,"33.5023974,126.523669",126.523669,33.5023974,제주특별자치도 제주시 삼도일동 305-91,제주특별자치도 제주시 홍랑길 26-11
제주시,일도이동,"33.5007597,126.545772",126.545772,33.5007597,제주특별자치도 제주시 일도이동 79-3,제주특별자치도 제주시 태성중1길 10
제주시,일도이동,"33.5103343,126.534675",126.534675,33.5103343,제주특별자치도 제주시 일도이동 1015-5,제주특별자치도 제주시 동문로14길 37-1
제주시,일도이동,"33.4995135,126.547460",126.54746000000002,33.4995135,제주특별자치도 제주시 일도이동 104-10,제주특별자치도 제주시 태성로4길 20-5
제주시,일도이동,"33.5120382,126.533455",126.533455,33.5120382,제주특별자치도 제주시 일도이동 1050-1,제주특별자치도 제주시 동문로14길 17
제주시,연동,"33.4831443,126.487958",126.487958,33.48314439999999,제주특별자치도 제주시 연동 333,제주특별자치도 제주시 연동4길 29
제주시,도평동,"33.4777126,126.449873",126.449873,33.4777126,제주특별자치도 제주시 도평동 895-4,제주특별자치도 제주시 도평길 57
제주시,이도이동,"33.499344,126.538688",126.538688,33.499344,제주특별자치도 제주시 이도이동 386-1,제주특별자치도 제주시 청귤로 24
제주시,아라일동,"33.4741104,126.542344",126.542344,33.474110499999995,제주특별자치도 제주시 아라일동 6088,제주특별자치도 제주시 아란7길 26
제주시,구좌읍,"33.4936423,126.901236",126.90123600000001,33.4936423,제주특별자치도 제주시 구좌읍 종달리 4982,제주특별자치도 제주시 구좌읍 종달논길 32
서귀포시,호근동,"33.2445383,126.530340",126.53034099999999,33.244538399999996,제주특별자치도 서귀포시 호근동 1566-1,제주특별자치도 서귀포시 속골로 54
서귀포시,안덕면,"33.2937188,126.323928",126.32392800000001,33.2937188,제주특별자치도 서귀포시 안덕면 서광리 703,제주특별자치도 서귀포시 안덕면 서광동로 137-85
서귀포시,성산읍,"33.4496198,126.910753",126.910753,33.449619899999995,제주특별자치도 서귀포시 성산읍 고성리 1135-11,제주특별자치도 서귀포시 성산읍 고성중앙로 79
서귀포시,상예동,"33.252889,126.389670",126.38967099999999,33.252889,제주특별자치도 서귀포시 상예동 1361,제주특별자치도 서귀포시 상예로 69-5
제주시,화북일동,"33.5246887,126.567978",126.567978,33.5246887,제주특별자치도 제주시 화북일동 1587,제주특별자치도 제주시 벌랑서길 1-8
서귀포시,법환동,"33.2429542,126.512896",126.512896,33.2429542,제주특별자치도 서귀포시 법환동 604,제주특별자치도 서귀포시 법환상로34번길 33
서귀포시,서귀동,"33.2426526,126.564612",126.56461200000001,33.2426526,제주특별자치도 서귀포시 서귀동 713-3,제주특별자치도 서귀포시 부두로 27
제주시,이도일동,"33.5033897,126.532316",126.53231699999999,33.5033897,제주특별자치도 제주시 이도일동 1294,제주특별자치도 제주시 동광로7길 12-15
제주시,도련1동,"33.5083946,126.587516",126.58751699999999,33.5083946,제주특별자치도 제주시 도련1동 2868,제주특별자치도 제주시 도련3길 14-14
서귀포시,성산읍,"33.372559,126.852362",126.85236299999998,33.372559,제주특별자치도 서귀포시 성산읍 삼달리 446-13,제주특별자치도 서귀포시 성산읍 삼달로163번길 9
서귀포시,남원읍,"33.2672501,126.628222",126.628222,33.2672501,제주특별자치도 서귀포시 남원읍 하례리 508-3,제주특별자치도 서귀포시 남원읍 하례중앙로 59-1
제주시,건입동,"33.5181766,126.534459",126.53445900000001,33.518176600000004,제주특별자치도 제주시 건입동 940-18,제주특별자치도 제주시 임항로 94
제주시,오라삼동,"33.4958921,126.506143",126.506143,33.495892100000006,제주특별자치도 제주시 오라삼동 3827-3,제주특별자치도 제주시 모시길 48-4
제주시,연동,"33.4850071,126.487519",126.48751999999999,33.4850071,제주특별자치도 제주시 연동 253-14,제주특별자치도 제주시 연동4길 12
제주시,아라일동,"33.4722864,126.548181",126.548181,33.4722864,제주특별자치도 제주시 아라일동 6148-1,제주특별자치도 제주시 인다13길 24-1
제주시,일도이동,"33.5095042,126.540943",126.540943,33.5095042,제주특별자치도 제주시 일도이동 328-27,제주특별자치도 제주시 동광로19길 18
제주시,애월읍,"33.4643304,126.319710",126.31971000000001,33.4643304,제주특별자치도 제주시 애월읍 애월리 1595-1,제주특별자치도 제주시 애월읍 애월로 118
서귀포시,대정읍,"33.2878679,126.280891",126.280891,33.287867999999996,제주특별자치도 서귀포시 대정읍 보성리 2411,제주특별자치도 서귀포시 대정읍 에듀시티로 86
제주시,노형동,"33.4802597,126.485912",126.48591200000001,33.4802597,제주특별자치도 제주시 노형동 767,제주특별자치도 제주시 원노형로 93
제주시,애월읍,"33.4710231,126.407145",126.407145,33.471023100000004,제주특별자치도 제주시 애월읍 상귀리 503-1,제주특별자치도 제주시 애월읍 애조로 218-41
제주시,봉개동,"33.4929185,126.597425",126.597425,33.492918599999996,제주특별자치도 제주시 봉개동 1772,제주특별자치도 제주시 봉개북3길 43
제주시,조천읍,"33.5474021,126.650916",126.650916,33.5474021,제주특별자치도 제주시 조천읍 신흥리 514,제주특별자치도 제주시 조천읍 신흥로1길 15
제주시,화북일동,"33.5183317,126.574414",126.57441499999999,33.5183317,제주특별자치도 제주시 화북일동 12-1,제주특별자치도 제주시 동화로1길 10
제주시,조천읍,"33.5378366,126.638494",126.638494,33.537836600000006,제주특별자치도 제주시 조천읍 조천리 3462,제주특별자치도 제주시 조천읍 조천11길 22-2
서귀포시,대정읍,"33.1173364,126.266593",126.266593,33.1173364,제주특별자치도 서귀포시 대정읍 가파리 714,제주특별자치도 서귀포시 대정읍 마라로73번길 10
서귀포시,신효동,"33.2662103,126.610463",126.610463,33.2662103,제주특별자치도 서귀포시 신효동 608,제주특별자치도 서귀포시 효돈로99번길 28
제주시,용담삼동,"33.5147244,126.505024",126.505024,33.5147244,제주특별자치도 제주시 용담삼동 994-5,제주특별자치도 제주시 용마로2길 9-1
제주시,애월읍,"33.4653125,126.336669",126.336669,33.4653125,제주특별자치도 제주시 애월읍 고내리 959-2,제주특별자치도 제주시 애월읍 고내5길 38
제주시,삼양이동,"33.5235231,126.586453",126.586453,33.523523100000006,제주특별자치도 제주시 삼양이동 2184-1,제주특별자치도 제주시 설촌로8길 46
제주시,일도이동,"33.5101161,126.537421",126.53742199999999,33.510116100000005,제주특별자치도 제주시 일도이동 318,제주특별자치도 제주시 신산로9길 40-1
서귀포시,대정읍,"33.2236453,126.259114",126.259114,33.2236453,제주특별자치도 서귀포시 대정읍 상모리 3986-14,제주특별자치도 서귀포시 대정읍 상모로288번길 6-8
제주시,구좌읍,"33.5191863,126.885601",126.885601,33.5191863,제주특별자치도 제주시 구좌읍 하도리 3352,제주특별자치도 제주시 구좌읍 문주란로 33-2
제주시,화북일동,"33.5200405,126.56447",126.56447,33.5200405,제주특별자치도 제주시 화북일동 1964-20,제주특별자치도 제주시 진동로3길 11
서귀포시,안덕면,"33.2581139,126.353839",126.353839,33.2581139,제주특별자치도 서귀포시 안덕면 감산리 346-3,제주특별자치도 서귀포시 안덕면 일주서로 1519
제주시,조천읍,"33.5208396,126.624517",126.624517,33.520839699999996,제주특별자치도 제주시 조천읍 신촌리 4005,제주특별자치도 제주시 조천읍 신촌남8길 120
서귀포시,동홍동,"33.2572340,126.574798",126.574798,33.257234000000004,제주특별자치도 서귀포시 동홍동 657-2,제주특별자치도 서귀포시 동홍동로 25
서귀포시,도순동,"33.2505663,126.474893",126.47489399999999,33.2505663,제주특별자치도 서귀포시 도순동 851-2,제주특별자치도 서귀포시 도순남로29번길 9
서귀포시,대정읍,"33.2262754,126.246130",126.24613000000001,33.2262754,제주특별자치도 서귀포시 대정읍 동일리 2989-4,제주특별자치도 서귀포시 대정읍 동일하모로 137
서귀포시,대정읍,"33.279152,126.184911",126.18491100000001,33.279152,제주특별자치도 서귀포시 대정읍 신도리 3138,제주특별자치도 서귀포시 대정읍 도원로 157-11
제주시,화북일동,"33.5225517,126.566540",126.56654099999999,33.522551799999995,제주특별자치도 제주시 화북일동 1946,제주특별자치도 제주시 진남로8길 42
제주시,노형동,"33.4851501,126.483866",126.48386699999999,33.4851501,제주특별자치도 제주시 노형동 951,제주특별자치도 제주시 원노형6길 11-13
제주시,노형동,"33.4889316,126.473413",126.47341399999999,33.4889316,제주특별자치도 제주시 노형동 2582-2,제주특별자치도 제주시 정존11길 54
제주시,애월읍,"33.4493339,126.388752",126.388752,33.4493339,제주특별자치도 제주시 애월읍 장전리 466,제주특별자치도 제주시 애월읍 장전남2길 34-5
제주시,애월읍,"33.4742432,126.367172",126.367172,33.4742432,제주특별자치도 제주시 애월읍 신엄리 3208,제주특별자치도 제주시 애월읍 신엄9길 32
제주시,용담이동,"33.5133299,126.512129",126.512129,33.5133299,제주특별자치도 제주시 용담이동 475-5,제주특별자치도 제주시 용담로11길 13
제주시,한림읍,"33.3611637,126.272122",126.272122,33.3611637,제주특별자치도 제주시 한림읍 상명리 922-5,제주특별자치도 제주시 한림읍 상한로 47
서귀포시,표선면,"33.3530288,126.771709",126.771709,33.3530288,제주특별자치도 서귀포시 표선면 가시리 3805,제주특별자치도 서귀포시 표선면 가시로565번길 21
제주시,용담이동,"33.503358,126.508087",126.50808700000002,33.503358,제주특별자치도 제주시 용담이동 2718-37,제주특별자치도 제주시 용원길 23
제주시,조천읍,"33.4497001,126.654366",126.654366,33.449700199999995,제주특별자치도 제주시 조천읍 교래리 산 119,
제주시,구좌읍,"33.5558171,126.749536",126.749536,33.555817100000006,제주특별자치도 제주시 구좌읍 김녕리 2121,제주특별자치도 제주시 구좌읍 김녕로11길 17
제주시,영평동,"33.4811048,126.566038",126.56603899999999,33.481104800000004,제주특별자치도 제주시 영평동 1653,제주특별자치도 제주시 영평서길 76
서귀포시,서홍동,"33.2580808,126.557037",126.55703700000001,33.2580808,제주특별자치도 서귀포시 서홍동 342-8,제주특별자치도 서귀포시 홍중로 62-4
제주시,일도이동,"33.5059756,126.536466",126.53646699999999,33.5059756,제주특별자치도 제주시 일도이동 340-21,제주특별자치도 제주시 동광로13길 14-4
서귀포시,남원읍,"33.3120715,126.692326",126.692326,33.3120715,제주특별자치도 서귀포시 남원읍 한남리 756-1,제주특별자치도 서귀포시 남원읍 중산간동로 6416
제주시,이도이동,"33.4965215,126.541784",126.541784,33.4965215,제주특별자치도 제주시 이도이동 438,제주특별자치도 제주시 이도공원길 14
제주시,건입동,"33.5151693,126.533344",126.533344,33.515169300000004,제주특별자치도 제주시 건입동 998-20,제주특별자치도 제주시 연무정길 54-1
제주시,구좌읍,"33.5478878,126.742696",126.742696,33.547887800000005,제주특별자치도 제주시 구좌읍 김녕리 2592,제주특별자치도 제주시 구좌읍 김녕남2길 36
서귀포시,대정읍,"33.2537164,126.275059",126.27505900000001,33.2537164,제주특별자치도 서귀포시 대정읍 보성리 1176-1,제주특별자치도 서귀포시 대정읍 보성구억로 34
제주시,삼도이동,"33.5121801,126.522354",126.522354,33.5121801,제주특별자치도 제주시 삼도이동 108-28,제주특별자치도 제주시 중앙로12길 21
서귀포시,안덕면,"33.2532208,126.329692",126.32969299999999,33.2532208,제주특별자치도 서귀포시 안덕면 화순리 1202-1,제주특별자치도 서귀포시 안덕면 화순서서로 20
서귀포시,남원읍,"33.2724155,126.638184",126.63818400000001,33.2724155,제주특별자치도 서귀포시 남원읍 신례리 377-3,제주특별자치도 서귀포시 남원읍 신례로 69-25
제주시,노형동,"33.4807382,126.475703",126.475703,33.4807382,제주특별자치도 제주시 노형동 3804-8,제주특별자치도 제주시 노형1길 19
제주시,일도이동,"33.508177,126.543879",126.543879,33.508177,제주특별자치도 제주시 일도이동 397,제주특별자치도 제주시 천수로15길 17-1
제주시,연동,"33.4847576,126.493695",126.493695,33.484757699999996,제주특별자치도 제주시 연동 294,제주특별자치도 제주시 신대로18길 26
서귀포시,대정읍,"33.2246959,126.250717",126.25071799999999,33.2246959,제주특별자치도 서귀포시 대정읍 하모리 1484-2,제주특별자치도 서귀포시 대정읍 하모중앙로38번길 17
제주시,일도이동,"33.5112684,126.539836",126.53983600000001,33.5112684,제주특별자치도 제주시 일도이동 322-31,제주특별자치도 제주시 고마로7길 10
제주시,용담일동,"33.5011808,126.514328",126.514328,33.5011808,제주특별자치도 제주시 용담일동 2830-3,제주특별자치도 제주시 서광로5길 12
서귀포시,하효동,"33.2637469,126.61606",126.61606,33.2637469,제주특별자치도 서귀포시 하효동 1460,제주특별자치도 서귀포시 효돈로 164-2
서귀포시,성산읍,"33.4743451,126.900903",126.900903,33.4743451,제주특별자치도 서귀포시 성산읍 시흥리 845,제주특별자치도 서귀포시 성산읍 일주동로 3935
제주시,용담이동,"33.5012322,126.502086",126.502086,33.5012322,제주특별자치도 제주시 용담이동 699-2,제주특별자치도 제주시 월성로4길 30-1
서귀포시,강정동,"33.266355,126.494087",126.49408700000001,33.266355,제주특별자치도 서귀포시 강정동 1845,제주특별자치도 서귀포시 월산로 55
제주시,이도이동,"33.5035655,126.538639",126.53863999999999,33.5035655,제주특별자치도 제주시 이도이동 329,제주특별자치도 제주시 가령골2길 19
서귀포시,안덕면,"33.2903522,126.302940",126.30294099999999,33.2903522,제주특별자치도 서귀포시 안덕면 서광리 1416,제주특별자치도 서귀포시 안덕면 녹차분재로 44-7
서귀포시,안덕면,"33.265669,126.368604",126.368604,33.265669,제주특별자치도 서귀포시 안덕면 창천리 93-2,제주특별자치도 서귀포시 안덕면 창천중앙로 31
제주시,이도이동,"33.4918648,126.539828",126.539828,33.491864899999996,제주특별자치도 제주시 이도이동 2062,제주특별자치도 제주시 남광로4길 17
제주시,애월읍,"33.4520508,126.349837",126.34983700000001,33.452050899999996,제주특별자치도 제주시 애월읍 상가리 1139,제주특별자치도 제주시 애월읍 고하상로 160
제주시,용담이동,"33.5118939,126.504265",126.50426599999999,33.511893900000004,제주특별자치도 제주시 용담이동 926-2,제주특별자치도 제주시 성화로5길 13-6
제주시,연동,"33.4952261,126.494798",126.494798,33.4952261,제주특별자치도 제주시 연동 1934-5,제주특별자치도 제주시 명주길 26-4
서귀포시,남원읍,"33.3300866,126.711631",126.71163100000001,33.330086699999995,제주특별자치도 서귀포시 남원읍 수망리 351,제주특별자치도 서귀포시 남원읍 남조로 593-5
제주시,오등동,"33.4707695,126.524194",126.52419499999999,33.4707695,제주특별자치도 제주시 오등동 1352-6,제주특별자치도 제주시 오등8길 24
서귀포시,남원읍,"33.3102197,126.716453",126.716453,33.3102197,제주특별자치도 서귀포시 남원읍 의귀리 803,제주특별자치도 서귀포시 남원읍 의귀로 103
제주시,노형동,"33.4760016,126.476775",126.476775,33.476001600000004,제주특별자치도 제주시 노형동 1583,제주특별자치도 제주시 한라대학로 66
제주시,애월읍,"33.4329094,126.426038",126.42603899999999,33.4329094,제주특별자치도 제주시 애월읍 고성리 92,제주특별자치도 제주시 애월읍 고성남4길 16
제주시,아라일동,"33.4758597,126.549517",126.549517,33.4758597,제주특별자치도 제주시 아라일동 6117-13,제주특별자치도 제주시 인다2길 22
제주시,조천읍,"33.5085587,126.701716",126.70171699999999,33.5085587,제주특별자치도 제주시 조천읍 선흘리 4199,제주특별자치도 제주시 조천읍 선흘남3길 5-1
제주시,연동,"33.4924407,126.488569",126.488569,33.4924407,제주특별자치도 제주시 연동 2335-4,제주특별자치도 제주시 도령로13길 10
제주시,연동,"33.4916922,126.498861",126.498861,33.4916922,제주특별자치도 제주시 연동 311-33,제주특별자치도 제주시 신대로7길 20
제주시,애월읍,"33.4363039,126.331809",126.331809,33.4363039,제주특별자치도 제주시 애월읍 납읍리 1482,제주특별자치도 제주시 애월읍 납읍로6길 27
서귀포시,토평동,"33.28076,126.578577",126.578577,33.28076,제주특별자치도 서귀포시 토평동 3245,제주특별자치도 서귀포시 토평서로44번길 62
제주시,일도이동,"33.50562,126.543062",126.54306299999999,33.50562,제주특별자치도 제주시 일도이동 406,제주특별자치도 제주시 고마로19길 19
서귀포시,보목동,"33.2422928,126.600205",126.600205,33.2422928,제주특별자치도 서귀포시 보목동 1637,제주특별자치도 서귀포시 보목중로 4-15
제주시,한림읍,"33.3856532,126.272674",126.272674,33.3856532,제주특별자치도 제주시 한림읍 명월리 898-1,제주특별자치도 제주시 한림읍 명월로1길 61
제주시,노형동,"33.4497764,126.484159",126.484159,33.4497764,제주특별자치도 제주시 노형동 289-37,제주특별자치도 제주시 주르레길 25
제주시,애월읍,"33.4798269,126.404643",126.40464399999999,33.4798269,제주특별자치도 제주시 애월읍 하귀2리 1264,제주특별자치도 제주시 애월읍 하귀로21길 15
서귀포시,법환동,"33.2532689,126.508985",126.50898500000001,33.2532689,제주특별자치도 서귀포시 법환동 754,제주특별자치도 서귀포시 신서로48번길 39
서귀포시,동홍동,"33.2632745,126.570539",126.570539,33.2632745,제주특별자치도 서귀포시 동홍동 1230-1,제주특별자치도 서귀포시 동홍로162번길 30
제주시,이도일동,"33.5024458,126.529537",126.529537,33.5024458,제주특별자치도 제주시 이도일동 1294,제주특별자치도 제주시 동광로1길 18
제주시,연동,"33.4775604,126.48908",126.48908,33.477560499999996,제주특별자치도 제주시 연동 1547,제주특별자치도 제주시 연화로2길 17
제주시,화북일동,"33.5201862,126.567191",126.567191,33.5201862,제주특별자치도 제주시 화북일동 1995-5,제주특별자치도 제주시 진남로8길 13
제주시,외도일동,"33.4914464,126.434562",126.43456299999998,33.4914464,제주특별자치도 제주시 외도일동 364-1,제주특별자치도 제주시 조공포길 7
제주시,이도이동,"33.4988698,126.528277",126.528277,33.498869899999995,제주특별자치도 제주시 이도이동 1769-5,제주특별자치도 제주시 광양10길 16-1
서귀포시,서귀동,"33.2490778,126.559684",126.559684,33.2490778,제주특별자치도 서귀포시 서귀동 341,제주특별자치도 서귀포시 서문로41번길 18
서귀포시,중문동,"33.2541102,126.42738",126.42738,33.2541102,제주특별자치도 서귀포시 중문동 1681,제주특별자치도 서귀포시 중문상로 64-5
제주시,삼양일동,"33.5266052,126.590562",126.59056299999999,33.5266052,제주특별자치도 제주시 삼양일동 1676-1,제주특별자치도 제주시 선사로4길 51
제주시,연동,"33.4828309,126.498936",126.49893600000001,33.4828309,제주특별자치도 제주시 연동 336,제주특별자치도 제주시 선덕로4길 31-3
제주시,한림읍,"33.3514458,126.252785",126.252785,33.3514458,제주특별자치도 제주시 한림읍 금능리 310,제주특별자치도 제주시 한림읍 금능남로 456-5
제주시,애월읍,"33.4146189,126.41027",126.41027,33.4146189,제주특별자치도 제주시 애월읍 유수암리 160,제주특별자치도 제주시 애월읍 유수암평화2길 71-67
제주시,애월읍,"33.4607098,126.412953",126.412953,33.4607098,제주특별자치도 제주시 애월읍 고성리 1556,제주특별자치도 제주시 애월읍 고성1길 21-20
제주시,일도이동,"33.5019902,126.550261",126.550261,33.5019902,제주특별자치도 제주시 일도이동 113-3,제주특별자치도 제주시 태성로 31
제주시,구좌읍,"33.5192916,126.866792",126.86679299999999,33.5192916,제주특별자치도 제주시 구좌읍 상도리 산 2-17,제주특별자치도 제주시 구좌읍 일주동로 3267-9
제주시,삼양삼동,"33.5254696,126.576279",126.576279,33.5254696,제주특별자치도 제주시 삼양삼동 2587-8,제주특별자치도 제주시 벌랑길 47-1
제주시,연동,"33.4867191,126.493592",126.49359299999999,33.4867191,제주특별자치도 제주시 연동 293,제주특별자치도 제주시 신대로16길 27
제주시,한림읍,"33.4217027,126.294906",126.29490600000001,33.4217027,제주특별자치도 제주시 한림읍 귀덕리 2060-5,제주특별자치도 제주시 한림읍 귀덕남5길 100
서귀포시,표선면,"33.3177642,126.775485",126.775485,33.3177642,제주특별자치도 서귀포시 표선면 토산리 2057,제주특별자치도 서귀포시 표선면 토산중앙로 138-7
서귀포시,남원읍,"33.2907586,126.660394",126.660394,33.290758600000004,제주특별자치도 서귀포시 남원읍 위미리 2513-3,제주특별자치도 서귀포시 남원읍 자배오름로139번길 162
제주시,한경면,"33.3348818,126.228987",126.22898700000002,33.334881800000005,제주특별자치도 제주시 한경면 조수리 289,제주특별자치도 제주시 한경면 조수2길 10
서귀포시,표선면,"33.3318056,126.818390",126.81839099999999,33.3318056,제주특별자치도 서귀포시 표선면 표선리 2954,제주특별자치도 서귀포시 표선면 가시로 50
제주시,연동,"33.4919424,126.500942",126.500942,33.4919424,제주특별자치도 제주시 연동 320,제주특별자치도 제주시 신대로7길 39-1
제주시,한경면,"33.2994555,126.228974",126.228974,33.2994555,제주특별자치도 제주시 한경면 낙천리 2400,제주특별자치도 제주시 한경면 불그못로 191
제주시,일도일동,"33.515164,126.525833",126.525833,33.515164,제주특별자치도 제주시 일도일동 1299-1,제주특별자치도 제주시 중앙로5길 12
제주시,노형동,"33.4800363,126.481257",126.48125700000001,33.4800363,제주특별자치도 제주시 노형동 766,제주특별자치도 제주시 진군길 19-2
서귀포시,안덕면,"33.2459817,126.334302",126.33430200000001,33.2459817,제주특별자치도 서귀포시 안덕면 화순리 1070-2,제주특별자치도 서귀포시 안덕면 화순로 111
제주시,한림읍,"33.3805537,126.246957",126.24695700000001,33.3805537,제주특별자치도 제주시 한림읍 협재리 2237,제주특별자치도 제주시 한림읍 협재남2길 45-22
서귀포시,색달동,"33.2618094,126.405132",126.40513200000001,33.2618094,제주특별자치도 서귀포시 색달동 2033-1,제주특별자치도 서귀포시 색달로81번길 74
제주시,삼도일동,"33.4991516,126.517964",126.51796499999999,33.4991516,제주특별자치도 제주시 삼도일동 566-22,제주특별자치도 제주시 서광로14길 9
제주시,구좌읍,"33.5287429,126.845605",126.845605,33.5287429,제주특별자치도 제주시 구좌읍 평대리 468-17,제주특별자치도 제주시 구좌읍 평대7길 18-16
제주시,노형동,"33.4773838,126.484746",126.484746,33.4773838,제주특별자치도 제주시 노형동 754-4,제주특별자치도 제주시 과원북2길 24
서귀포시,남원읍,"33.2874806,126.743652",126.743652,33.2874806,제주특별자치도 서귀포시 남원읍 태흥리 2003,제주특별자치도 서귀포시 남원읍 태수로26번길 38
서귀포시,호근동,"33.2652278,126.532395",126.532395,33.2652278,제주특별자치도 서귀포시 호근동 1119-2,제주특별자치도 서귀포시 호근북로106번길 2
서귀포시,성산읍,"33.4019745,126.869096",126.869096,33.4019745,제주특별자치도 서귀포시 성산읍 난산리 1085,제주특별자치도 서귀포시 성산읍 난산로 56
제주시,삼도이동,"33.5077073,126.523157",126.52315700000001,33.507707399999994,제주특별자치도 제주시 삼도이동 248-6,제주특별자치도 제주시 남중서1길 13-2
제주시,노형동,"33.4910859,126.477006",126.477006,33.4910859,제주특별자치도 제주시 노형동 1297-2,제주특별자치도 제주시 다랑곶4길 62
제주시,구좌읍,"33.4653237,126.775054",126.775054,33.4653237,제주특별자치도 제주시 구좌읍 송당리 1894,제주특별자치도 제주시 구좌읍 비자림로 1758
제주시,일도이동,"33.5126974,126.539953",126.539953,33.512697499999994,제주특별자치도 제주시 일도이동 148-20,제주특별자치도 제주시 고마로3길 15-1
제주시,이도이동,"33.5000693,126.535133",126.535133,33.500069399999994,제주특별자치도 제주시 이도이동 1143-3,제주특별자치도 제주시 동광로10길 36
제주시,일도이동,"33.4999927,126.552444",126.552444,33.4999927,제주특별자치도 제주시 일도이동 39,제주특별자치도 제주시 남광로 174
제주시,이도이동,"33.5024898,126.540933",126.54093300000001,33.5024898,제주특별자치도 제주시 이도이동 339,제주특별자치도 제주시 천수로 24
제주시,삼양이동,"33.5184148,126.58519",126.58519,33.518414899999996,제주특별자치도 제주시 삼양이동 2318,제주특별자치도 제주시 화삼로 167
제주시,도남동,"33.4887379,126.524264",126.52426499999999,33.4887379,제주특별자치도 제주시 도남동 713-2,제주특별자치도 제주시 복지로5길 16
제주시,건입동,"33.5163562,126.540174",126.540174,33.5163562,제주특별자치도 제주시 건입동 671-7,제주특별자치도 제주시 사라봉5길 24
제주시,이도일동,"33.5114316,126.525257",126.52525700000001,33.5114316,제주특별자치도 제주시 이도일동 1421-1,제주특별자치도 제주시 중앙로13길 9
제주시,용강동,"33.4759505,126.586126",126.58612600000001,33.4759505,제주특별자치도 제주시 용강동 1777,제주특별자치도 제주시 아봉로 534-3
서귀포시,동홍동,"33.2603988,126.562461",126.56246100000001,33.260398800000004,제주특별자치도 서귀포시 동홍동 2187,제주특별자치도 서귀포시 동홍로109번길 68
제주시,삼도일동,"33.5032364,126.518394",126.518394,33.5032364,제주특별자치도 제주시 삼도일동 527-9,제주특별자치도 제주시 평전5길 8-1
제주시,애월읍,"33.4289793,126.381625",126.381625,33.4289793,제주특별자치도 제주시 애월읍 소길리 891,제주특별자치도 제주시 애월읍 소길동5길 8
제주시,화북일동,"33.5239535,126.562735",126.562735,33.5239535,제주특별자치도 제주시 화북일동 4086-5,제주특별자치도 제주시 진서로 58-3
서귀포시,대정읍,"33.1691946,126.271672",126.27167299999999,33.1691946,제주특별자치도 서귀포시 대정읍 가파리 479,제주특별자치도 서귀포시 대정읍 가파로67번길 46
제주시,이도일동,"33.502465,126.526955",126.526955,33.502465,제주특별자치도 제주시 이도일동 1941,제주특별자치도 제주시 서광로29길 22-7
제주시,이도이동,"33.4932662,126.546748",126.546748,33.4932662,제주특별자치도 제주시 이도이동 2084,제주특별자치도 제주시 신설로11길 37
서귀포시,서호동,"33.2636617,126.516428",126.516428,33.2636617,제주특별자치도 서귀포시 서호동 1269-1,제주특별자치도 서귀포시 고근산로 46-29
서귀포시,법환동,"33.2380439,126.513025",126.513025,33.2380439,제주특별자치도 서귀포시 법환동 256,제주특별자치도 서귀포시 법환로38번길 12
서귀포시,성산읍,"33.4604672,126.91272",126.91272,33.460467200000004,제주특별자치도 서귀포시 성산읍 오조리 814,제주특별자치도 서귀포시 성산읍 오조로85번길 27-8
제주시,구좌읍,"33.5222412,126.857333",126.85733300000001,33.5222412,제주특별자치도 제주시 구좌읍 세화리 1416,제주특별자치도 제주시 구좌읍 세화8길 4-2
제주시,연동,"33.487183,126.500608",126.50060800000001,33.487183,제주특별자치도 제주시 연동 323-6,제주특별자치도 제주시 화동길 38-3
제주시,도련1동,"33.5125255,126.590893",126.59089399999999,33.5125255,제주특별자치도 제주시 도련1동 1778-2,제주특별자치도 제주시 매촌서2길 10-10
제주시,건입동,"33.5140481,126.530295",126.53029599999999,33.514048100000004,제주특별자치도 제주시 건입동 1219-1,제주특별자치도 제주시 동문로9길 12
서귀포시,표선면,"33.3477193,126.834496",126.834496,33.3477193,제주특별자치도 서귀포시 표선면 하천리 428-1,제주특별자치도 서귀포시 표선면 하천달산로 113-21
제주시,조천읍,"33.4378458,126.686101",126.68610100000001,33.4378458,제주특별자치도 제주시 조천읍 교래리 359,
제주시,한경면,"33.3137547,126.250311",126.25031100000001,33.313754700000004,제주특별자치도 제주시 한경면 청수리 3389,제주특별자치도 제주시 한경면 청수로 108
제주시,한림읍,"33.3958057,126.244464",126.244464,33.3958057,제주특별자치도 제주시 한림읍 협재리 1861,제주특별자치도 제주시 한림읍 한림로 372-27
제주시,외도일동,"33.4873575,126.432842",126.432842,33.4873575,제주특별자치도 제주시 외도일동 560-1,제주특별자치도 제주시 우정로11길 18
제주시,아라일동,"33.4706294,126.543584",126.54358400000001,33.4706294,제주특별자치도 제주시 아라일동 6072-7,제주특별자치도 제주시 아란14길 8
제주시,삼도이동,"33.5156601,126.518439",126.51843999999998,33.515660100000005,제주특별자치도 제주시 삼도이동 1161-8,제주특별자치도 제주시 북성로 60
제주시,아라이동,"33.4832429,126.548888",126.54888899999999,33.4832429,제주특별자치도 제주시 아라이동 2995,제주특별자치도 제주시 월두2길 26
서귀포시,남원읍,"33.2730981,126.655666",126.655666,33.273098100000006,제주특별자치도 서귀포시 남원읍 위미리 3125,제주특별자치도 서귀포시 남원읍 위미대화로15번길 9-3
제주시,이호1동,"33.4962534,126.449949",126.449949,33.496253499999995,제주특별자치도 제주시 이호1동 1770-1,제주특별자치도 제주시 현사길 18
제주시,한경면,"33.346003,126.187018",126.187018,33.346003,제주특별자치도 제주시 한경면 신창리 815,제주특별자치도 제주시 한경면 신창상서길 15-2
제주시,아라일동,"33.4510321,126.558412",126.55841299999999,33.4510321,제주특별자치도 제주시 아라일동 1,제주특별자치도 제주시 산천단동3길 31
제주시,화북일동,"33.5217683,126.569038",126.56903899999999,33.521768300000005,제주특별자치도 제주시 화북일동 1881,제주특별자치도 제주시 삼사석길 55-9
서귀포시,상효동,"33.2947673,126.59",126.59,33.294767300000004,제주특별자치도 서귀포시 상효동 1407-3,제주특별자치도 서귀포시 배낭골로 65
제주시,한경면,"33.3277425,126.172097",126.172097,33.3277425,제주특별자치도 제주시 한경면 용수리 4719-1,제주특별자치도 제주시 한경면 용수길 120-5
제주시,이도이동,"33.4943974,126.543645",126.543645,33.4943974,제주특별자치도 제주시 이도이동 1942-1,제주특별자치도 제주시 신설로 16
제주시,도남동,"33.4949212,126.522388",126.52238899999999,33.4949212,제주특별자치도 제주시 도남동 800,제주특별자치도 제주시 신성로 14-11
제주시,용담이동,"33.5065888,126.51038",126.51038,33.5065888,제주특별자치도 제주시 용담이동 2706-15,제주특별자치도 제주시 용문로14길 15
제주시,이도이동,"33.4978949,126.535676",126.535676,33.4978949,제주특별자치도 제주시 이도이동 1049-2,제주특별자치도 제주시 오복5길 17
제주시,화북이동,"33.493045,126.558596",126.558596,33.493045,제주특별자치도 제주시 화북이동 5757,제주특별자치도 제주시 황사평6길 58
서귀포시,대정읍,"33.2230202,126.273784",126.273784,33.2230202,제주특별자치도 서귀포시 대정읍 상모리 2134-1,제주특별자치도 서귀포시 대정읍 상모와우로 64-8
서귀포시,성산읍,"33.4397069,126.913768",126.91376899999999,33.4397069,제주특별자치도 서귀포시 성산읍 고성리 949-2,제주특별자치도 서귀포시 성산읍 신고로 11
제주시,용담일동,"33.5074727,126.51345",126.51345,33.5074727,제주특별자치도 제주시 용담일동 254-1,제주특별자치도 제주시 용담로20길 21-14
서귀포시,강정동,"33.2581821,126.510091",126.51009199999999,33.2581821,제주특별자치도 서귀포시 강정동 132-1,제주특별자치도 서귀포시 신서귀로 109
제주시,삼도일동,"33.5031978,126.521018",126.521018,33.503197899999996,제주특별자치도 제주시 삼도일동 542-22,제주특별자치도 제주시 서광로19길 38-1
서귀포시,회수동,"33.2559809,126.440768",126.44076899999999,33.2559809,제주특별자치도 서귀포시 회수동 688-2,제주특별자치도 서귀포시 일주서로670번길 34
제주시,구좌읍,"33.5548357,126.802598",126.802598,33.55483579999999,제주특별자치도 제주시 구좌읍 행원리 1387-1,제주특별자치도 제주시 구좌읍 행원로3길 53-3
서귀포시,중문동,"33.2500763,126.426290",126.42629099999999,33.2500763,제주특별자치도 서귀포시 중문동 2040-3,제주특별자치도 서귀포시 천제연로208번길 18
제주시,애월읍,"33.4797141,126.395676",126.395676,33.4797141,제주특별자치도 제주시 애월읍 하귀2리 3017,제주특별자치도 제주시 애월읍 하귀26길 4-1
제주시,연동,"33.4868113,126.487933",126.48793300000001,33.4868113,제주특별자치도 제주시 연동 252-72,제주특별자치도 제주시 연동3길 34
서귀포시,남원읍,"33.2744158,126.673371",126.673371,33.2744158,제주특별자치도 서귀포시 남원읍 위미리 1612-2,제주특별자치도 서귀포시 남원읍 태위로 244-8
서귀포시,서귀동,"33.2511547,126.566043",126.56604399999999,33.2511547,제주특별자치도 서귀포시 서귀동 268-37,제주특별자치도 서귀포시 중동로32번길 3-7
제주시,한림읍,"33.4031875,126.254006",126.254006,33.403187599999995,제주특별자치도 제주시 한림읍 옹포리 983,제주특별자치도 제주시 한림읍 옹포4길 61
제주시,연동,"33.4889564,126.487389",126.487389,33.4889564,제주특별자치도 제주시 연동 251-73,제주특별자치도 제주시 신광로4길 25
제주시,건입동,"33.5170212,126.535952",126.53595200000001,33.5170212,제주특별자치도 제주시 건입동 940-3,제주특별자치도 제주시 칠머리길 1
제주시,애월읍,"33.4640349,126.367756",126.367756,33.4640349,제주특별자치도 제주시 애월읍 신엄리 1562-13,제주특별자치도 제주시 애월읍 신용로 79
제주시,애월읍,"33.4842077,126.416325",126.416325,33.4842077,제주특별자치도 제주시 애월읍 하귀1리 562,제주특별자치도 제주시 애월읍 하귀9길 31-1
제주시,이도이동,"33.4990105,126.532175",126.532175,33.4990105,제주특별자치도 제주시 이도이동 1939,제주특별자치도 제주시 광양13길 16-2
제주시,도남동,"33.49065,126.530489",126.53048999999999,33.49065,제주특별자치도 제주시 도남동 91-5,제주특별자치도 제주시 독짓골2길 19
제주시,애월읍,"33.4813299,126.412743",126.41274399999999,33.4813299,제주특별자치도 제주시 애월읍 하귀1리 214-26,제주특별자치도 제주시 애월읍 하귀동남2길 25
제주시,연동,"33.4927664,126.493861",126.49386100000001,33.492766499999995,제주특별자치도 제주시 연동 290,제주특별자치도 제주시 신광로1길 9
제주시,이호2동,"33.4924026,126.460532",126.460532,33.4924026,제주특별자치도 제주시 이호2동 937-1,제주특별자치도 제주시 오도길 31
제주시,노형동,"33.4875314,126.471305",126.471305,33.4875314,제주특별자치도 제주시 노형동 2583-1,제주특별자치도 제주시 정존5길 62
제주시,이호1동,"33.5003028,126.459718",126.45971899999999,33.5003028,제주특별자치도 제주시 이호1동 1961,제주특별자치도 제주시 도리로 75
서귀포시,안덕면,"33.2370517,126.366224",126.366224,33.237051799999996,제주특별자치도 서귀포시 안덕면 창천리 850,제주특별자치도 서귀포시 안덕면 대평감산로 26
제주시,삼도일동,"33.4988271,126.523937",126.52393799999999,33.4988271,제주특별자치도 제주시 삼도일동 580-71,제주특별자치도 제주시 서광로26길 12-4
제주시,이도이동,"33.4887186,126.536799",126.536799,33.4887186,제주특별자치도 제주시 이도이동 2010-16,제주특별자치도 제주시 구남동4길 14-8
서귀포시,강정동,"33.2358599,126.478296",126.478296,33.2358599,제주특별자치도 서귀포시 강정동 4400-4,제주특별자치도 서귀포시 이어도로 578-1
서귀포시,서홍동,"33.2511187,126.549579",126.54957900000001,33.2511187,제주특별자치도 서귀포시 서홍동 2576,제주특별자치도 서귀포시 하논로 47
제주시,노형동,"33.4835048,126.472111",126.47211100000001,33.4835048,제주특별자치도 제주시 노형동 2514-2,제주특별자치도 제주시 정존3길 23
제주시,연동,"33.4828964,126.492695",126.492695,33.4828964,제주특별자치도 제주시 연동 334,제주특별자치도 제주시 사장3길 20-1
제주시,용담일동,"33.5102067,126.512882",126.512882,33.5102067,제주특별자치도 제주시 용담일동 2579-1,제주특별자치도 제주시 용담로16길 13
서귀포시,법환동,"33.2504945,126.508744",126.50874499999999,33.2504945,제주특별자치도 서귀포시 법환동 748-1,제주특별자치도 서귀포시 김정문화로 36
서귀포시,성산읍,"33.4639533,126.933084",126.93308400000001,33.4639533,제주특별자치도 서귀포시 성산읍 성산리 181-8,제주특별자치도 서귀포시 성산읍 성산중앙로 41-8
제주시,애월읍,"33.4573651,126.326895",126.32689599999999,33.457365100000004,제주특별자치도 제주시 애월읍 애월리 699,제주특별자치도 제주시 애월읍 애상로 76-26
제주시,용담일동,"33.5132243,126.516659",126.516659,33.513224300000005,제주특별자치도 제주시 용담일동 2579-1,제주특별자치도 제주시 서문로5길 19
제주시,아라이동,"33.4739122,126.553198",126.55319899999999,33.4739122,제주특별자치도 제주시 아라이동 826,제주특별자치도 제주시 인다1길 49
제주시,조천읍,"33.4931214,126.638214",126.63821499999999,33.4931214,제주특별자치도 제주시 조천읍 와흘리 2814,제주특별자치도 제주시 조천읍 대와상길 129-16
제주시,도련1동,"33.4978158,126.590384",126.59038400000001,33.4978158,제주특별자치도 제주시 도련1동 1325-1,제주특별자치도 제주시 당주길 111
제주시,삼도이동,"33.5101613,126.522176",126.522176,33.5101613,제주특별자치도 제주시 삼도이동 183-4,제주특별자치도 제주시 남성로23길 6-9
제주시,이도이동,"33.5005597,126.537722",126.537722,33.500559700000004,제주특별자치도 제주시 이도이동 365-10,제주특별자치도 제주시 청귤로1길 16-7
서귀포시,강정동,"33.2533496,126.502486",126.502486,33.25334960000001,제주특별자치도 서귀포시 강정동 192,제주특별자치도 서귀포시 대청로25번길 8
제주시,일도이동,"33.5026508,126.545352",126.54535200000001,33.502650800000005,제주특별자치도 제주시 일도이동 64-1,제주특별자치도 제주시 연수로2길 18-4
제주시,회천동,"33.4991049,126.610001",126.610001,33.4991049,제주특별자치도 제주시 회천동 2144,제주특별자치도 제주시 서회천3길 3
제주시,도두이동,"33.4955805,126.484482",126.484482,33.4955805,제주특별자치도 제주시 도두이동 194,제주특별자치도 제주시 신성마을1길 50
제주시,한림읍,"33.4060392,126.264847",126.264847,33.406039299999996,제주특별자치도 제주시 한림읍 동명리 1954-3,제주특별자치도 제주시 한림읍 명월성로 34-2
제주시,한림읍,"33.4134488,126.266665",126.26666599999999,33.413448800000005,제주특별자치도 제주시 한림읍 한림리 1582,제주특별자치도 제주시 한림읍 내동남길 19
제주시,애월읍,"33.4869846,126.411307",126.41130700000001,33.4869846,제주특별자치도 제주시 애월읍 하귀1리 492-3,제주특별자치도 제주시 애월읍 하귀10길 16-16
제주시,애월읍,"33.4175143,126.315008",126.315008,33.4175143,제주특별자치도 제주시 애월읍 봉성리 3176,제주특별자치도 제주시 애월읍 봉성동2길 12-7
제주시,오라이동,"33.4726326,126.507725",126.507725,33.4726326,제주특별자치도 제주시 오라이동 790-1,제주특별자치도 제주시 정실1길 11-1
제주시,구좌읍,"33.5512621,126.712842",126.71284299999999,33.5512621,제주특별자치도 제주시 구좌읍 동복리 1759,제주특별자치도 제주시 구좌읍 동복남4길 3
서귀포시,강정동,"33.254887,126.4912",126.4912,33.254887,제주특별자치도 서귀포시 강정동 3373,제주특별자치도 서귀포시 일주서로 166-58
제주시,삼도일동,"33.5010836,126.518233",126.51823300000001,33.5010836,제주특별자치도 제주시 삼도일동 521-2,제주특별자치도 제주시 서사로20길 15-1
서귀포시,서귀동,"33.2466649,126.566168",126.56616899999999,33.2466649,제주특별자치도 서귀포시 서귀동 411-11,제주특별자치도 서귀포시 태평로431번길 14
서귀포시,하효동,"33.2597911,126.619998",126.619998,33.2597911,제주특별자치도 서귀포시 하효동 512,제주특별자치도 서귀포시 과원동로12번길 13-1
제주시,연동,"33.4801828,126.48855",126.48855,33.480182899999996,제주특별자치도 제주시 연동 1546,제주특별자치도 제주시 연화로 25
제주시,일도이동,"33.5116235,126.542721",126.542721,33.5116235,제주특별자치도 제주시 일도이동 152-17,제주특별자치도 제주시 고마로3길 46-5
제주시,이도이동,"33.5015383,126.533892",126.53389299999999,33.501538399999994,제주특별자치도 제주시 이도이동 1171-2,제주특별자치도 제주시 동광로8길 9-10
제주시,애월읍,"33.4331306,126.401643",126.40164399999999,33.433130600000005,제주특별자치도 제주시 애월읍 유수암리 1585,제주특별자치도 제주시 애월읍 유수암로 103
제주시,노형동,"33.4850652,126.474112",126.474112,33.4850652,제주특별자치도 제주시 노형동 2617-3,제주특별자치도 제주시 정존7길 26
서귀포시,대정읍,"33.2182935,126.257484",126.257484,33.2182935,제주특별자치도 서귀포시 대정읍 하모리 437-8,제주특별자치도 서귀포시 대정읍 최남단해안로109번길 78-6
제주시,조천읍,"33.5013986,126.665089",126.665089,33.501398699999996,제주특별자치도 제주시 조천읍 대흘리 2787,제주특별자치도 제주시 조천읍 대흘북길 59
제주시,일도이동,"33.5096263,126.531404",126.53140400000001,33.509626399999995,제주특별자치도 제주시 일도이동 1050-1,제주특별자치도 제주시 신선동길 11
제주시,외도일동,"33.4855058,126.426762",126.42676200000001,33.4855058,제주특별자치도 제주시 외도일동 646-1,제주특별자치도 제주시 우령서로 75
제주시,삼양이동,"33.5225411,126.583036",126.583036,33.522541100000005,제주특별자치도 제주시 삼양이동 2119-15,제주특별자치도 제주시 지석9길 16
